Material,Finalidade,Nome,link
Plano de aula,Criacao dos HTML,Plano de aula sobre Geopolítica - VALDEMIR,https://mecred.mec.gov.br/recurso/358346
Dicas para criar uma aula,Criacao dos Prompts,Dicas para elaboração de aulas - Equipe do Portal do Professor,https://portaldoprofessor.mec.gov.br/pdf/dicas_producao_aulas.pdf
Dicas de aulas (Colaborativas),Criacao das Aulas,"TÓPICOS DE APRENDIZAGEM COLABORATIVA APLICÁVEIS AO ENSINO
SUPERIOR TECNOLÓGICO - Revista Fatec",http://www.revista.fatecbt.edu.br/index.php/tl/article/viewFile/175/172
Dicas de aulas (Aitvas),Criacao das Aulas,Estrategias Ativas de Ensino - cefetmg,https://www.dirgrad.cefetmg.br/wp-content/uploads/sites/81/2018/10/Apostila-Estrat%C3%A9gias-ativas-de-ensino-v2.pdf
Dicas de aulas (Aitvas),Criacao das Aulas,CARTILHA DE METODOLOGIAS ATIVAS - ESTRATÉGIAS DE ENSINO - Faculdade Dinâmica do Vale do Piranga,https://educapes.capes.gov.br/handle/capes/570511
Dicas de aulas com TIC (Ativas),Criacao das Aulas,Guia prático de Metodologias Ativas com uso de Tecnologias Digitais da Informação e Comunicação - Alexandre José de Carvalho Silva,https://lendoeargumentando.com.br/wp-content/uploads/2021/04/Guia-pra%CC%81tico-de-metodologias-ativas-com-uso-de-tecnologias-digitais-da-informac%CC%A7a%CC%83o-e-comunicac%CC%A7a%CC%83o.pdf
Dicas de aulas (Aitvas),Criacao das Aulas,Manual de Metodologias Ativas - UNIRG,https://www.unirg.edu.br/arquivos/documentos/unirg/2026/Manual%20de%20Metodologias%20ativas%20da%20UnirG.pdf
Dicas de aulas,Criacao das Aulas,Métodos e técnicas de ensino e aprendizagem para a Educação Superior - CRISTINA D’ÁVILA,https://www.ispsn.org/sites/default/files/documentos-virtuais/pdf/metodos-e-tecnicas-de-ensino-e-aprendizagem_para-a-educacao_superior_miolo-repositorio.pdf
Dicas para criar uma aula,Criacao dos Prompts,Diretrizes para produção de Material Impresso - IFRN,https://ead.ifrn.edu.br/wp-content/uploads/2017/07/Diretrizes-Material-Impresso.pdf
Dicas para criar uma plano de aula,Criacao dos Prompts,Por que o planejamento é tão importante para educação?,https://www.sed.sc.gov.br/wp-content/uploads/2024/04/Diretrizes-para-Planejamento-anual-e-os-planos-de-aula.pdf
Dicas para criar uma aula,Criacao dos Prompts,Planejamento e Elaboração de Material didático impresso para Educação a Distância - UAB,https://canal.cecierj.edu.br/012016/7edee043ecd6600e40f12b7eec893a61.pdf
Dicas para criar uma aula,Criacao dos Prompts,PARÂMETROS PARA A PRODUÇÃO DE RECURSOS DIDÁTICOS PARA A EDUCAÇÃO MEDIADA PELAS TECNOLOGIAS DIGITAIS,https://doi.org/10.12957/redoc.2022.63371
Dicas para criar material,Criacao dos Prompts,Guia do conteudista - UFPR,https://cipead.ufpr.br/portal1/wp-content/uploads/2020/04/Guia_do_Conteudista.pdf
Dicas para criar material,Criacao dos Prompts,MANUAL DE ELABORAÇÃO DE MATERIAL DIDÁTICO - Unicet,https://central.to.gov.br/download/283634
Dicas para criar material,Criacao dos Prompts,Documento Orientador ATPC e ATPL/APD,https://drive.google.com/file/d/1LXH43bEzpqjuKTcv8iqTqUcCNtGHt4JY/view
Dicas para criar material,Criacao dos Prompts,CADERNO DE ORIENTAÇÕES Elaboração Material Didático,https://www.google.com/url?sa=t&source=web&rct=j&opi=89978449&url=https://www.iffarroupilha.edu.br/component/k2/attachments/download/41088/8e9ad3c1c372030480a4c17735e7c05f&ved=2ahUKEwi80NXwg_yWAxWPp5UCHZX8KWEQFnoECBsQAQ&usg=AOvVaw2ulpq8xT6BzE4MRBeo_gfw
Dicas de aulas (Aitvas),Criacao das Aulas,MATERIAL DIDÁTICO: PLANOS DE AULA COMO FOCO NAS METODOLOGIAS ATIVAS NO ENSINO MÉDIO,https://educapes.capes.gov.br/bitstream/capes/1134463/2/MATERIAL%20DIDATICO%20METODOLOGIAS%20ATIVAS.pdf
,Criacao dos HTML,,
,Criacao dos HTML,,
,Criacao dos HTML,,